ID,MISSION_TIME,PACKET_COUNT,COMMAND_COUNT,MODE,ALTITUDE,PRESSURE,TEMPERATURE,BATT_V,BATT_I,MECH_STATE,STATE,APOGEE_ALT,APOGEE_TIME,CMD_ECHO
1000C,0.300,1,1,F,8.9,101165,22.5,7.40,120,3,LAUNCH_PAD,8.9,0.300,CXON
1000C,0.600,2,1,F,18.2,100998,22.5,7.40,120,3,ASCENT,18.2,0.600,CXON
1000C,0.900,3,1,F,31.8,100843,22.5,7.40,120,3,ASCENT,31.8,0.900,CXON
1000C,1.200,4,1,F,45.1,100676,22.5,7.40,120,3,ASCENT,45.1,1.200,CXON
1000C,1.500,5,1,F,58.8,100522,22.5,7.40,120,3,ASCENT,58.8,1.500,CXON
1000C,1.800,6,1,F,72.2,100356,22.5,7.40,120,3,ASCENT,72.2,1.800,CXON
1000C,2.100,7,1,F,85.9,100190,22.5,7.40,120,3,ASCENT,85.9,2.100,CXON
1000C,2.400,8,1,F,99.2,100036,22.5,7.40,120,3,ASCENT,99.2,2.400,CXON
1000C,2.700,9,1,F,112.7,99871,22.5,7.40,120,3,ASCENT,112.7,2.700,CXON
1000C,3.000,10,1,F,126.3,99717,22.5,7.40,120,3,ASCENT,126.3,3.000,CXON
1000C,3.300,11,1,F,139.6,99552,22.5,7.40,120,3,ASCENT,139.6,3.300,CXON
1000C,3.600,12,1,F,153.3,99400,22.5,7.40,120,3,ASCENT,153.3,3.600,CXON
1000C,3.900,13,1,F,166.7,99235,22.5,7.40,120,3,ASCENT,166.7,3.900,CXON
1000C,4.200,14,1,F,180.4,99070,22.5,7.40,120,3,ASCENT,180.4,4.200,CXON
1000C,4.500,15,1,F,193.7,98918,22.5,7.40,120,3,ASCENT,193.7,4.500,CXON
1000C,4.800,16,1,F,207.2,98754,22.5,7.40,120,3,ASCENT,207.2,4.800,CXON
1000C,5.100,17,1,F,220.8,98602,22.5,7.40,120,3,ASCENT,220.8,5.100,CXON
1000C,5.400,18,1,F,234.1,98438,22.5,7.40,120,3,ASCENT,234.1,5.400,CXON
1000C,5.700,19,1,F,247.8,98287,22.5,7.40,120,3,ASCENT,247.8,5.700,CXON
1000C,6.000,20,1,F,261.2,98124,22.5,7.40,120,3,ASCENT,261.2,6.000,CXON
1000C,6.300,21,1,F,274.9,97961,22.5,7.40,120,3,ASCENT,274.9,6.300,CXON
1000C,6.600,22,1,F,288.2,97810,22.5,7.40,120,3,ASCENT,288.2,6.600,CXON
1000C,6.900,23,1,F,301.7,97647,22.5,7.40,120,3,ASCENT,301.7,6.900,CXON
1000C,7.200,24,1,F,315.3,97497,22.5,7.40,120,3,ASCENT,315.3,7.200,CXON
1000C,7.500,25,1,F,328.6,97335,22.5,7.40,120,3,ASCENT,328.6,7.500,CXON
1000C,7.800,26,1,F,342.3,97185,22.5,7.40,120,3,ASCENT,342.3,7.800,CXON
1000C,8.100,27,1,F,355.7,97023,22.5,7.40,120,3,ASCENT,355.7,8.100,CXON
1000C,8.400,28,1,F,369.4,96861,22.5,7.40,120,3,ASCENT,369.4,8.400,CXON
1000C,8.700,29,1,F,382.7,96712,22.5,7.40,120,3,ASCENT,382.7,8.700,CXON
1000C,9.000,30,1,F,396.2,96551,22.5,7.40,120,3,ASCENT,396.2,9.000,CXON
1000C,9.300,31,1,F,409.8,96402,22.5,7.40,120,3,ASCENT,409.8,9.300,CXON
1000C,9.600,32,1,F,423.1,96241,22.5,7.40,120,3,ASCENT,423.1,9.600,CXON
1000C,9.900,33,1,F,436.8,96092,22.5,7.40,120,3,ASCENT,436.8,9.900,CXON
1000C,10.200,34,1,F,450.2,95932,22.5,7.40,120,3,ASCENT,450.2,10.200,CXON
1000C,10.500,35,1,F,463.9,95772,22.5,7.40,120,3,ASCENT,463.9,10.500,CXON
1000C,10.800,36,1,F,477.2,95624,22.5,7.40,120,3,ASCENT,477.2,10.800,CXON
1000C,11.100,37,1,F,490.7,95464,22.5,7.40,120,3,ASCENT,490.7,11.100,CXON
1000C,11.400,38,1,F,504.3,95316,22.5,7.40,120,3,ASCENT,504.3,11.400,CXON
1000C,11.700,39,1,F,517.6,95157,22.5,7.40,120,3,ASCENT,517.6,11.700,CXON
1000C,12.000,40,1,F,531.3,95010,22.5,7.40,120,3,ASCENT,531.3,12.000,CXON
1000C,12.300,41,1,F,544.7,94851,22.5,7.40,120,3,ASCENT,544.7,12.300,CXON
1000C,12.600,42,1,F,558.4,94692,22.5,7.40,120,3,ASCENT,558.4,12.600,CXON
1000C,12.900,43,1,F,571.7,94546,22.5,7.40,120,3,ASCENT,571.7,12.900,CXON
1000C,13.200,44,1,F,585.2,94387,22.5,7.40,120,3,ASCENT,585.2,13.200,CXON
1000C,13.500,45,1,F,598.8,94241,22.5,7.40,120,3,ASCENT,598.8,13.500,CXON
1000C,13.800,46,1,F,612.1,94083,22.5,7.40,120,3,ASCENT,612.1,13.800,CXON
1000C,14.100,47,1,F,625.8,93937,22.5,7.40,120,3,ASCENT,625.8,14.100,CXON
1000C,14.400,48,1,F,639.2,93780,22.5,7.40,120,3,ASCENT,639.2,14.400,CXON
1000C,14.700,49,1,F,652.9,93623,22.5,7.40,120,3,ASCENT,652.9,14.700,CXON
1000C,15.000,50,1,F,665.3,93528,22.5,7.40,120,3,ASCENT,665.3,15.000,CXON
1000C,15.300,51,1,F,670.7,93523,22.5,7.40,120,3,ASCENT,670.7,15.300,CXON
1000C,15.600,52,1,F,670.8,93530,22.5,7.40,120,3,ASCENT,670.9,15.400,CXON
1000C,15.900,53,1,F,670.6,93525,22.5,7.40,120,3,ASCENT,670.9,15.400,CXON
1000C,16.200,54,1,F,670.8,93531,22.5,7.40,120,3,ASCENT,670.9,16.100,CXON
1000C,16.500,55,1,F,670.7,93526,22.5,7.40,120,3,ASCENT,670.9,16.100,CXON
1000C,16.800,56,1,F,670.9,93521,22.5,7.40,120,3,ASCENT,670.9,16.100,CXON
1000C,17.100,57,1,F,670.5,93539,22.5,7.40,120,3,ASCENT,670.9,16.100,CXON
1000C,17.400,58,1,F,668.8,93568,22.5,7.40,120,3,ASCENT,670.9,16.100,CXON
1000C,17.700,59,1,F,665.8,93609,22.5,7.40,120,3,ASCENT,670.9,16.100,CXON
1000C,18.000,60,1,F,662.6,93637,22.5,7.40,120,3,APOGEE,670.9,16.100,CXON
1000C,18.300,61,1,F,659.8,93678,22.5,7.40,120,3,APOGEE,670.9,16.100,CXON
1000C,18.600,62,1,F,656.7,93707,22.5,7.40,120,3,DESCENT,670.9,16.100,CXON
1000C,18.900,63,1,F,653.9,93735,22.5,7.40,120,3,DESCENT,670.9,16.100,CXON
1000C,19.200,64,1,F,650.7,93776,22.5,7.40,120,3,DESCENT,670.9,16.100,CXON
1000C,19.500,65,1,F,647.7,93805,22.5,7.40,120,3,DESCENT,670.9,16.100,CXON
1000C,19.800,66,1,F,644.8,93845,22.5,7.40,120,3,DESCENT,670.9,16.100,CXON
1000C,20.100,67,1,F,641.6,93874,22.5,7.40,120,3,DESCENT,670.9,16.100,CXON
1000C,20.400,68,1,F,638.8,93915,22.5,7.40,120,3,DESCENT,670.9,16.100,CXON
1000C,20.700,69,1,F,635.7,93944,22.5,7.40,120,3,DESCENT,670.9,16.100,CXON
1000C,21.000,70,1,F,632.9,93972,22.5,7.40,120,3,DESCENT,670.9,16.100,CXON
1000C,21.300,71,1,F,629.7,94013,22.5,7.40,120,3,DESCENT,670.9,16.100,CXON
1000C,21.600,72,1,F,626.8,94042,22.5,7.40,120,3,DESCENT,670.9,16.100,CXON
1000C,21.900,73,1,F,623.8,94083,22.5,7.40,120,3,DESCENT,670.9,16.100,CXON
1000C,22.200,74,1,F,620.6,94111,22.5,7.40,120,3,DESCENT,670.9,16.100,CXON
1000C,22.500,75,1,F,617.8,94152,22.5,7.40,120,3,DESCENT,670.9,16.100,CXON
1000C,22.800,76,1,F,614.7,94181,22.5,7.40,120,3,DESCENT,670.9,16.100,CXON
1000C,23.100,77,1,F,611.9,94210,22.5,7.40,120,3,DESCENT,670.9,16.100,CXON
1000C,23.400,78,1,F,608.7,94251,22.5,7.40,120,3,DESCENT,670.9,16.100,CXON
1000C,23.700,79,1,F,605.7,94280,22.5,7.40,120,3,DESCENT,670.9,16.100,CXON
1000C,24.000,80,1,F,602.8,94320,22.5,7.40,120,3,DESCENT,670.9,16.100,CXON
1000C,24.300,81,1,F,599.6,94349,22.5,7.40,120,3,DESCENT,670.9,16.100,CXON
1000C,24.600,82,1,F,596.8,94390,22.5,7.40,120,3,PQ_RELEASE,670.9,16.100,CXON
1000C,24.900,83,1,F,593.7,94419,22.5,7.40,120,3,PQ_RELEASE,670.9,16.100,CXON
1000C,25.200,84,1,F,590.9,94448,22.5,7.40,120,3,PQ_RELEASE,670.9,16.100,CXON
1000C,25.500,85,1,F,587.7,94489,22.5,7.40,120,3,PQ_RELEASE,670.9,16.100,CXON
1000C,25.800,86,1,F,584.7,94518,22.5,7.40,120,3,PQ_RELEASE,670.9,16.100,CXON
1000C,26.100,87,1,F,581.8,94559,22.5,7.40,120,3,PQ_RELEASE,670.9,16.100,CXON
1000C,26.400,88,1,F,578.6,94588,22.5,7.40,120,3,PQ_RELEASE,670.9,16.100,CXON
1000C,26.700,89,1,F,575.8,94629,22.5,7.40,120,3,PQ_RELEASE,670.9,16.100,CXON
1000C,27.000,90,1,F,572.7,94658,22.5,7.40,120,3,PQ_RELEASE,670.9,16.100,CXON
1000C,27.300,91,1,F,569.9,94687,22.5,7.40,120,3,PQ_RELEASE,670.9,16.100,CXON
1000C,27.600,92,1,F,566.7,94727,22.5,7.40,120,3,PQ_RELEASE,670.9,16.100,CXON
1000C,27.900,93,1,F,563.7,94756,22.5,7.40,120,3,PQ_RELEASE,670.9,16.100,CXON
1000C,28.200,94,1,F,560.8,94797,22.5,7.40,120,3,PQ_RELEASE,670.9,16.100,CXON
1000C,28.500,95,1,F,557.6,94826,22.5,7.40,120,3,PQ_RELEASE,670.9,16.100,CXON
1000C,28.800,96,1,F,554.8,94867,22.5,7.40,120,3,PQ_RELEASE,670.9,16.100,CXON
1000C,29.100,97,1,F,551.7,94896,22.5,7.40,120,3,PQ_RELEASE,670.9,16.100,CXON
1000C,29.400,98,1,F,548.9,94926,22.5,7.40,120,3,PQ_RELEASE,670.9,16.100,CXON
1000C,29.700,99,1,F,545.7,94967,22.5,7.40,120,3,PQ_RELEASE,670.9,16.100,CXON
1000C,30.000,100,1,F,542.7,94996,22.5,7.40,120,3,PQ_RELEASE,670.9,16.100,CXON
1000C,30.300,101,1,F,539.8,95037,22.5,7.40,120,3,PQ_RELEASE,670.9,16.100,CXON
1000C,30.600,102,1,F,536.6,95066,22.5,7.40,120,3,PQ_RELEASE,670.9,16.100,CXON
1000C,30.900,103,1,F,533.8,95107,22.5,7.40,120,3,PQ_RELEASE,670.9,16.100,CXON
1000C,31.200,104,1,F,530.7,95136,22.5,7.40,120,3,PQ_RELEASE,670.9,16.100,CXON
1000C,31.500,105,1,F,527.9,95165,22.5,7.40,120,3,PQ_RELEASE,670.9,16.100,CXON
1000C,31.800,106,1,F,524.7,95206,22.5,7.40,120,3,PQ_RELEASE,670.9,16.100,CXON
1000C,32.100,107,1,F,521.7,95235,22.5,7.40,120,3,PQ_RELEASE,670.9,16.100,CXON
1000C,32.400,108,1,F,518.8,95276,22.5,7.40,120,3,PQ_RELEASE,670.9,16.100,CXON
1000C,32.700,109,1,F,515.6,95306,22.5,7.40,120,3,PQ_RELEASE,670.9,16.100,CXON
1000C,33.000,110,1,F,512.8,95347,22.5,7.40,120,3,PQ_RELEASE,670.9,16.100,CXON
1000C,33.300,111,1,F,509.7,95376,22.5,7.40,120,3,PQ_RELEASE,670.9,16.100,CXON
1000C,33.600,112,1,F,506.9,95405,22.5,7.40,120,3,PQ_RELEASE,670.9,16.100,CXON
1000C,33.900,113,1,F,503.7,95446,22.5,7.40,120,3,PQ_RELEASE,670.9,16.100,CXON
1000C,34.200,114,1,F,500.7,95475,22.5,7.40,120,3,PQ_RELEASE,670.9,16.100,CXON
1000C,34.500,115,1,F,497.8,95517,22.5,7.40,120,3,PQ_RELEASE,670.9,16.100,CXON
1000C,34.800,116,1,F,494.6,95546,22.5,7.40,120,3,PQ_RELEASE,670.9,16.100,CXON
1000C,35.100,117,1,F,491.8,95587,22.5,7.40,120,3,PQ_RELEASE,670.9,16.100,CXON
1000C,35.400,118,1,F,488.7,95616,22.5,7.40,120,3,PQ_RELEASE,670.9,16.100,CXON
1000C,35.700,119,1,F,485.9,95646,22.5,7.40,120,3,PQ_RELEASE,670.9,16.100,CXON
1000C,36.000,120,1,F,482.7,95687,22.5,7.40,120,3,PQ_RELEASE,670.9,16.100,CXON
1000C,36.300,121,1,F,479.7,95716,22.5,7.40,120,3,PQ_RELEASE,670.9,16.100,CXON
1000C,36.600,122,1,F,476.8,95757,22.5,7.40,120,3,PQ_RELEASE,670.9,16.100,CXON
1000C,36.900,123,1,F,473.6,95787,22.5,7.40,120,3,PQ_RELEASE,670.9,16.100,CXON
1000C,37.200,124,1,F,470.8,95828,22.5,7.40,120,3,PQ_RELEASE,670.9,16.100,CXON
1000C,37.500,125,1,F,467.7,95857,22.5,7.40,120,3,PQ_RELEASE,670.9,16.100,CXON
1000C,37.800,126,1,F,464.9,95886,22.5,7.40,120,3,PQ_RELEASE,670.9,16.100,CXON
1000C,38.100,127,1,F,461.7,95928,22.5,7.40,120,3,PQ_RELEASE,670.9,16.100,CXON
1000C,38.400,128,1,F,458.7,95957,22.5,7.40,120,3,PQ_RELEASE,670.9,16.100,CXON
1000C,38.700,129,1,F,455.8,95999,22.5,7.40,120,3,PQ_RELEASE,670.9,16.100,CXON
1000C,39.000,130,1,F,452.6,96028,22.5,7.40,120,3,PQ_RELEASE,670.9,16.100,CXON
1000C,39.300,131,1,F,449.8,96069,22.5,7.40,120,3,PQ_RELEASE,670.9,16.100,CXON
1000C,39.600,132,1,F,446.7,96099,22.5,7.40,120,3,PQ_RELEASE,670.9,16.100,CXON
1000C,39.900,133,1,F,443.9,96128,22.5,7.40,120,3,PQ_RELEASE,670.9,16.100,CXON
1000C,40.200,134,1,F,440.7,96169,22.5,7.40,120,3,PQ_RELEASE,670.9,16.100,CXON
1000C,40.500,135,1,F,437.7,96199,22.5,7.40,120,3,PQ_RELEASE,670.9,16.100,CXON
1000C,40.800,136,1,F,434.8,96240,22.5,7.40,120,3,PQ_RELEASE,670.9,16.100,CXON
1000C,41.100,137,1,F,431.6,96270,22.5,7.40,120,3,PQ_RELEASE,670.9,16.100,CXON
1000C,41.400,138,1,F,428.8,96311,22.5,7.40,120,3,PQ_RELEASE,670.9,16.100,CXON
1000C,41.700,139,1,F,425.7,96340,22.5,7.40,120,3,PQ_RELEASE,670.9,16.100,CXON
1000C,42.000,140,1,F,422.9,96370,22.5,7.40,120,3,PQ_RELEASE,670.9,16.100,CXON
1000C,42.300,141,1,F,419.7,96411,22.5,7.40,120,3,PQ_RELEASE,670.9,16.100,CXON
1000C,42.600,142,1,F,416.7,96441,22.5,7.40,120,3,PQ_RELEASE,670.9,16.100,CXON
1000C,42.900,143,1,F,413.8,96482,22.5,7.40,120,3,PQ_RELEASE,670.9,16.100,CXON
1000C,43.200,144,1,F,410.6,96512,22.5,7.40,120,3,PQ_RELEASE,670.9,16.100,CXON
1000C,43.500,145,1,F,407.8,96553,22.5,7.40,120,3,PQ_RELEASE,670.9,16.100,CXON
1000C,43.800,146,1,F,404.7,96583,22.5,7.40,120,3,PQ_RELEASE,670.9,16.100,CXON
1000C,44.100,147,1,F,401.9,96612,22.5,7.40,120,3,PQ_RELEASE,670.9,16.100,CXON
1000C,44.400,148,1,F,398.7,96654,22.5,7.40,120,3,PQ_RELEASE,670.9,16.100,CXON
1000C,44.700,149,1,F,395.7,96683,22.5,7.40,120,3,PQ_RELEASE,670.9,16.100,CXON
1000C,45.000,150,1,F,392.8,96725,22.5,7.40,120,3,PQ_RELEASE,670.9,16.100,CXON
1000C,45.300,151,1,F,389.6,96755,22.5,7.40,120,3,PQ_RELEASE,670.9,16.100,CXON
1000C,45.600,152,1,F,386.8,96796,22.5,7.40,120,3,PQ_RELEASE,670.9,16.100,CXON
1000C,45.900,153,1,F,383.7,96826,22.5,7.40,120,3,PQ_RELEASE,670.9,16.100,CXON
1000C,46.200,154,1,F,380.9,96855,22.5,7.40,120,3,PQ_RELEASE,670.9,16.100,CXON
1000C,46.500,155,1,F,377.7,96897,22.5,7.40,120,3,PQ_RELEASE,670.9,16.100,CXON
1000C,46.800,156,1,F,374.7,96927,22.5,7.40,120,3,PQ_RELEASE,670.9,16.100,CXON
1000C,47.100,157,1,F,371.8,96968,22.5,7.40,120,3,PQ_RELEASE,670.9,16.100,CXON
1000C,47.400,158,1,F,368.6,96998,22.5,7.40,120,3,PQ_RELEASE,670.9,16.100,CXON
1000C,47.700,159,1,F,365.8,97040,22.5,7.40,120,3,PQ_RELEASE,670.9,16.100,CXON
1000C,48.000,160,1,F,362.7,97069,22.5,7.40,120,3,PQ_RELEASE,670.9,16.100,CXON
1000C,48.300,161,1,F,359.9,97099,22.5,7.40,120,3,PQ_RELEASE,670.9,16.100,CXON
1000C,48.600,162,1,F,356.7,97141,22.5,7.40,120,3,PQ_RELEASE,670.9,16.100,CXON
1000C,48.900,163,1,F,353.7,97170,22.5,7.40,120,3,PQ_RELEASE,670.9,16.100,CXON
1000C,49.200,164,1,F,350.8,97212,22.5,7.40,120,3,PQ_RELEASE,670.9,16.100,CXON
1000C,49.500,165,1,F,347.6,97242,22.5,7.40,120,3,PQ_RELEASE,670.9,16.100,CXON
1000C,49.800,166,1,F,344.8,97283,22.5,7.40,120,3,PQ_RELEASE,670.9,16.100,CXON
1000C,50.100,167,1,F,341.7,97313,22.5,7.40,120,3,PQ_RELEASE,670.9,16.100,CXON
1000C,50.400,168,1,F,338.9,97343,22.5,7.40,120,3,PQ_RELEASE,670.9,16.100,CXON
1000C,50.700,169,1,F,335.7,97385,22.5,7.40,120,3,PQ_RELEASE,670.9,16.100,CXON
1000C,51.000,170,1,F,332.7,97414,22.5,7.40,120,3,PQ_RELEASE,670.9,16.100,CXON
1000C,51.300,171,1,F,329.8,97456,22.5,7.40,120,3,PQ_RELEASE,670.9,16.100,CXON
1000C,51.600,172,1,F,326.6,97486,22.5,7.40,120,3,PQ_RELEASE,670.9,16.100,CXON
1000C,51.900,173,1,F,323.8,97528,22.5,7.40,120,3,PQ_RELEASE,670.9,16.100,CXON
1000C,52.200,174,1,F,320.7,97557,22.5,7.40,120,3,PQ_RELEASE,670.9,16.100,CXON
1000C,52.500,175,1,F,317.9,97587,22.5,7.40,120,3,PQ_RELEASE,670.9,16.100,CXON
1000C,52.800,176,1,F,314.7,97629,22.5,7.40,120,3,PQ_RELEASE,670.9,16.100,CXON
1000C,53.100,177,1,F,311.7,97659,22.5,7.40,120,3,PQ_RELEASE,670.9,16.100,CXON
1000C,53.400,178,1,F,308.8,97701,22.5,7.40,120,3,PQ_RELEASE,670.9,16.100,CXON
1000C,53.700,179,1,F,305.6,97731,22.5,7.40,120,3,PQ_RELEASE,670.9,16.100,CXON
1000C,54.000,180,1,F,302.8,97773,22.5,7.40,120,3,PQ_RELEASE,670.9,16.100,CXON
1000C,54.300,181,1,F,299.7,97802,22.5,7.40,120,3,PQ_RELEASE,670.9,16.100,CXON
1000C,54.600,182,1,F,296.9,97832,22.5,7.40,120,3,PQ_RELEASE,670.9,16.100,CXON
1000C,54.900,183,1,F,293.7,97874,22.5,7.40,120,3,PQ_RELEASE,670.9,16.100,CXON
1000C,55.200,184,1,F,290.7,97904,22.5,7.40,120,3,PQ_RELEASE,670.9,16.100,CXON
1000C,55.500,185,1,F,287.8,97946,22.5,7.40,120,3,PQ_RELEASE,670.9,16.100,CXON
1000C,55.800,186,1,F,284.6,97976,22.5,7.40,120,3,PQ_RELEASE,670.9,16.100,CXON
1000C,56.100,187,1,F,281.8,98018,22.5,7.40,120,3,PQ_RELEASE,670.9,16.100,CXON
1000C,56.400,188,1,F,278.7,98048,22.5,7.40,120,3,PQ_RELEASE,670.9,16.100,CXON
1000C,56.700,189,1,F,275.9,98077,22.5,7.40,120,3,PQ_RELEASE,670.9,16.100,CXON
1000C,57.000,190,1,F,272.7,98120,22.5,7.40,120,3,PQ_RELEASE,670.9,16.100,CXON
1000C,57.300,191,1,F,269.7,98149,22.5,7.40,120,3,PQ_RELEASE,670.9,16.100,CXON
1000C,57.600,192,1,F,266.8,98192,22.5,7.40,120,3,PQ_RELEASE,670.9,16.100,CXON
1000C,57.900,193,1,F,263.6,98221,22.5,7.40,120,3,PQ_RELEASE,670.9,16.100,CXON
1000C,58.200,194,1,F,260.8,98264,22.5,7.40,120,3,PQ_RELEASE,670.9,16.100,CXON
1000C,58.500,195,1,F,257.7,98293,22.5,7.40,120,3,PQ_RELEASE,670.9,16.100,CXON
1000C,58.800,196,1,F,254.9,98323,22.5,7.40,120,3,PQ_RELEASE,670.9,16.100,CXON
1000C,59.100,197,1,F,251.7,98366,22.5,7.40,120,3,PQ_RELEASE,670.9,16.100,CXON
1000C,59.400,198,1,F,248.7,98396,22.5,7.40,120,3,PQ_RELEASE,670.9,16.100,CXON
1000C,59.700,199,1,F,245.8,98438,22.5,7.40,120,3,PQ_RELEASE,670.9,16.100,CXON
1000C,60.000,200,1,F,242.6,98468,22.5,7.40,120,3,PQ_RELEASE,670.9,16.100,CXON
1000C,60.300,201,1,F,239.8,98510,22.5,7.40,120,3,PQ_RELEASE,670.9,16.100,CXON
1000C,60.600,202,1,F,236.7,98540,22.5,7.40,120,3,PQ_RELEASE,670.9,16.100,CXON
1000C,60.900,203,1,F,233.9,98570,22.5,7.40,120,3,PQ_RELEASE,670.9,16.100,CXON
1000C,61.200,204,1,F,230.7,98612,22.5,7.40,120,3,PQ_RELEASE,670.9,16.100,CXON
1000C,61.500,205,1,F,227.7,98642,22.5,7.40,120,3,PQ_RELEASE,670.9,16.100,CXON
1000C,61.800,206,1,F,224.8,98684,22.5,7.40,120,3,PQ_RELEASE,670.9,16.100,CXON
1000C,62.100,207,1,F,221.6,98714,22.5,7.40,120,3,PQ_RELEASE,670.9,16.100,CXON
1000C,62.400,208,1,F,218.8,98757,22.5,7.40,120,3,PQ_RELEASE,670.9,16.100,CXON
1000C,62.700,209,1,F,215.7,98787,22.5,7.40,120,3,PQ_RELEASE,670.9,16.100,CXON
1000C,63.000,210,1,F,212.9,98817,22.5,7.40,120,3,PQ_RELEASE,670.9,16.100,CXON
1000C,63.300,211,1,F,209.7,98859,22.5,7.40,120,3,PQ_RELEASE,670.9,16.100,CXON
1000C,63.600,212,1,F,206.7,98889,22.5,7.40,120,3,PQ_RELEASE,670.9,16.100,CXON
1000C,63.900,213,1,F,203.8,98932,22.5,7.40,120,3,PQ_RELEASE,670.9,16.100,CXON
1000C,64.200,214,1,F,200.6,98962,22.5,7.40,120,3,PQ_RELEASE,670.9,16.100,CXON
1000C,64.500,215,1,F,197.8,99004,22.5,7.40,120,3,PQ_RELEASE,670.9,16.100,CXON
1000C,64.800,216,1,F,194.7,99034,22.5,7.40,120,3,PQ_RELEASE,670.9,16.100,CXON
1000C,65.100,217,1,F,191.9,99064,22.5,7.40,120,3,PQ_RELEASE,670.9,16.100,CXON
1000C,65.400,218,1,F,188.7,99107,22.5,7.40,120,3,PQ_RELEASE,670.9,16.100,CXON
1000C,65.700,219,1,F,185.7,99137,22.5,7.40,120,3,PQ_RELEASE,670.9,16.100,CXON
1000C,66.000,220,1,F,182.8,99179,22.5,7.40,120,3,PQ_RELEASE,670.9,16.100,CXON
1000C,66.300,221,1,F,179.6,99209,22.5,7.40,120,3,PQ_RELEASE,670.9,16.100,CXON
1000C,66.600,222,1,F,176.8,99252,22.5,7.40,120,3,PQ_RELEASE,670.9,16.100,CXON
1000C,66.900,223,1,F,173.7,99282,22.5,7.40,120,3,PQ_RELEASE,670.9,16.100,CXON
1000C,67.200,224,1,F,170.9,99312,22.5,7.40,120,3,PQ_RELEASE,670.9,16.100,CXON
1000C,67.500,225,1,F,167.7,99355,22.5,7.40,120,3,PQ_RELEASE,670.9,16.100,CXON
1000C,67.800,226,1,F,164.7,99385,22.5,7.40,120,3,PQ_RELEASE,670.9,16.100,CXON
1000C,68.100,227,1,F,161.8,99427,22.5,7.40,120,3,PQ_RELEASE,670.9,16.100,CXON
1000C,68.400,228,1,F,158.6,99458,22.5,7.40,120,3,PQ_RELEASE,670.9,16.100,CXON
1000C,68.700,229,1,F,155.8,99500,22.5,7.40,120,3,PQ_RELEASE,670.9,16.100,CXON
1000C,69.000,230,1,F,152.7,99530,22.5,7.40,120,3,PQ_RELEASE,670.9,16.100,CXON
1000C,69.300,231,1,F,149.9,99561,22.5,7.40,120,3,PQ_RELEASE,670.9,16.100,CXON
1000C,69.600,232,1,F,146.7,99603,22.5,7.40,120,3,PQ_RELEASE,670.9,16.100,CXON
1000C,69.900,233,1,F,143.7,99633,22.5,7.40,120,3,PQ_RELEASE,670.9,16.100,CXON
1000C,70.200,234,1,F,140.8,99676,22.5,7.40,120,3,PQ_RELEASE,670.9,16.100,CXON
1000C,70.499,235,1,F,137.6,99706,22.5,7.40,120,3,PQ_RELEASE,670.9,16.100,CXON
1000C,70.799,236,1,F,134.8,99749,22.5,7.40,120,3,PQ_RELEASE,670.9,16.100,CXON
1000C,71.099,237,1,F,131.7,99779,22.5,7.40,120,3,PQ_RELEASE,670.9,16.100,CXON
1000C,71.399,238,1,F,128.9,99809,22.5,7.40,120,3,PQ_RELEASE,670.9,16.100,CXON
1000C,71.699,239,1,F,125.7,99852,22.5,7.40,120,3,PQ_RELEASE,670.9,16.100,CXON
1000C,71.999,240,1,F,122.7,99882,22.5,7.40,120,3,PQ_RELEASE,670.9,16.100,CXON
1000C,72.299,241,1,F,119.8,99925,22.5,7.40,120,3,PQ_RELEASE,670.9,16.100,CXON
1000C,72.599,242,1,F,116.6,99955,22.5,7.40,120,3,PQ_RELEASE,670.9,16.100,CXON
1000C,72.899,243,1,F,113.8,99998,22.5,7.40,120,3,PQ_RELEASE,670.9,16.100,CXON
1000C,73.199,244,1,F,110.7,100029,22.5,7.40,120,3,PQ_RELEASE,670.9,16.100,CXON
1000C,73.499,245,1,F,107.9,100059,22.5,7.40,120,3,PQ_RELEASE,670.9,16.100,CXON
1000C,73.799,246,1,F,104.7,100102,22.5,7.40,120,3,PQ_RELEASE,670.9,16.100,CXON
1000C,74.099,247,1,F,101.7,100132,22.5,7.40,120,3,PQ_RELEASE,670.9,16.100,CXON
1000C,74.399,248,1,F,98.8,100175,22.5,7.40,120,3,PQ_RELEASE,670.9,16.100,CXON
1000C,74.699,249,1,F,95.6,100205,22.5,7.40,120,3,PQ_RELEASE,670.9,16.100,CXON
1000C,74.999,250,1,F,92.8,100248,22.5,7.40,120,3,PQ_RELEASE,670.9,16.100,CXON
1000C,75.299,251,1,F,89.7,100278,22.5,7.40,120,3,PQ_RELEASE,670.9,16.100,CXON
1000C,75.599,252,1,F,86.9,100309,22.5,7.40,120,3,PQ_RELEASE,670.9,16.100,CXON
1000C,75.899,253,1,F,83.7,100352,22.5,7.40,120,3,PQ_RELEASE,670.9,16.100,CXON
1000C,76.199,254,1,F,80.7,100382,22.5,7.40,120,3,PQ_RELEASE,670.9,16.100,CXON
1000C,76.499,255,1,F,77.8,100425,22.5,7.40,120,3,PQ_RELEASE,670.9,16.100,CXON
1000C,76.799,256,1,F,74.6,100455,22.5,7.40,120,3,PQ_RELEASE,670.9,16.100,CXON
1000C,77.099,257,1,F,71.8,100498,22.5,7.40,120,3,PQ_RELEASE,670.9,16.100,CXON
1000C,77.399,258,1,F,68.7,100529,22.5,7.40,120,3,PQ_RELEASE,670.9,16.100,CXON
1000C,77.699,259,1,F,65.9,100559,22.5,7.40,120,3,PQ_RELEASE,670.9,16.100,CXON
1000C,77.999,260,1,F,62.7,100602,22.5,7.40,120,3,PQ_RELEASE,670.9,16.100,CXON
1000C,78.299,261,1,F,59.7,100633,22.5,7.40,120,3,PQ_RELEASE,670.9,16.100,CXON
1000C,78.599,262,1,F,56.8,100676,22.5,7.40,120,3,PQ_RELEASE,670.9,16.100,CXON
1000C,78.899,263,1,F,53.6,100706,22.5,7.40,120,3,PQ_RELEASE,670.9,16.100,CXON
1000C,79.199,264,1,F,50.8,100749,22.5,7.40,120,3,PQ_RELEASE,670.9,16.100,CXON
1000C,79.499,265,1,F,47.7,100780,22.5,7.40,120,3,PQ_RELEASE,670.9,16.100,CXON
1000C,79.799,266,1,F,44.9,100810,22.5,7.40,120,3,PQ_RELEASE,670.9,16.100,CXON
1000C,80.099,267,1,F,41.7,100853,22.5,7.40,120,3,PQ_RELEASE,670.9,16.100,CXON
1000C,80.399,268,1,F,38.7,100884,22.5,7.40,120,3,PQ_RELEASE,670.9,16.100,CXON
1000C,80.699,269,1,F,35.8,100927,22.5,7.40,120,3,PQ_RELEASE,670.9,16.100,CXON
1000C,80.999,270,1,F,32.6,100957,22.5,7.40,120,3,PQ_RELEASE,670.9,16.100,CXON
1000C,81.299,271,1,F,29.8,101001,22.5,7.40,120,3,PQ_RELEASE,670.9,16.100,CXON
1000C,81.599,272,1,F,26.7,101031,22.5,7.40,120,3,PQ_RELEASE,670.9,16.100,CXON
1000C,81.899,273,1,F,23.9,101062,22.5,7.40,120,3,PQ_RELEASE,670.9,16.100,CXON
1000C,82.199,274,1,F,20.7,101105,22.5,7.40,120,3,PQ_RELEASE,670.9,16.100,CXON
1000C,82.499,275,1,F,17.7,101135,22.5,7.40,120,3,PQ_RELEASE,670.9,16.100,CXON
1000C,82.799,276,1,F,14.8,101179,22.5,7.40,120,3,PQ_RELEASE,670.9,16.100,CXON
1000C,83.099,277,1,F,11.6,101209,22.5,7.40,120,3,PQ_RELEASE,670.9,16.100,CXON
1000C,83.399,278,1,F,8.8,101252,22.5,7.40,120,3,PQ_RELEASE,670.9,16.100,CXON
1000C,83.699,279,1,F,5.7,101283,22.5,7.40,120,3,PQ_RELEASE,670.9,16.100,CXON
1000C,83.999,280,1,F,2.9,101314,22.5,7.40,120,3,PQ_RELEASE,670.9,16.100,CXON
1000C,84.299,281,1,F,0.6,101327,22.5,7.40,120,3,PQ_RELEASE,670.9,16.100,CXON
1000C,84.599,282,1,F,0.2,101321,22.5,7.40,120,3,PQ_RELEASE,670.9,16.100,CXON
1000C,84.899,283,1,F,0.3,101329,22.5,7.40,120,3,PQ_RELEASE,670.9,16.100,CXON
1000C,85.199,284,1,F,0.1,101323,22.5,7.40,120,3,PQ_RELEASE,670.9,16.100,CXON
1000C,85.499,285,1,F,0.3,101330,22.5,7.40,120,3,PQ_RELEASE,670.9,16.100,CXON
1000C,85.799,286,1,F,0.2,101325,22.5,7.40,120,3,PQ_RELEASE,670.9,16.100,CXON
1000C,86.099,287,1,F,0.4,101320,22.5,7.40,120,3,PQ_RELEASE,670.9,16.100,CXON
1000C,86.399,288,1,F,0.2,101327,22.5,7.40,120,3,PQ_RELEASE,670.9,16.100,CXON
1000C,86.699,289,1,F,0.2,101321,22.5,7.40,120,3,PQ_RELEASE,670.9,16.100,CXON
1000C,86.999,290,1,F,0.3,101329,22.5,7.40,120,3,PQ_RELEASE,670.9,16.100,CXON
1000C,87.299,291,1,F,0.1,101323,22.5,7.40,120,3,PQ_RELEASE,670.9,16.100,CXON
1000C,87.499,292,1,F,0.4,101330,22.5,7.40,120,3,LANDED,670.9,16.100,CXON
1000C,87.499,293,1,F,0.4,101325,22.5,7.40,120,3,LANDED,670.9,16.100,CXON
1000C,87.499,294,1,F,0.4,101320,22.5,7.40,120,3,LANDED,670.9,16.100,CXON
1000C,87.499,295,1,F,0.4,101327,22.5,7.40,120,3,LANDED,670.9,16.100,CXON
1000C,87.499,296,1,F,0.4,101321,22.5,7.40,120,3,LANDED,670.9,16.100,CXON
1000C,87.499,297,1,F,0.4,101329,22.5,7.40,120,3,LANDED,670.9,16.100,CXON
1000C,87.499,298,1,F,0.4,101323,22.5,7.40,120,3,LANDED,670.9,16.100,CXON
1000C,87.499,299,1,F,0.4,101330,22.5,7.40,120,3,LANDED,670.9,16.100,CXON
1000C,87.499,300,1,F,0.4,101325,22.5,7.40,120,3,LANDED,670.9,16.100,CXON
1000C,87.499,301,1,F,0.4,101320,22.5,7.40,120,3,LANDED,670.9,16.100,CXON
1000C,87.499,302,1,F,0.4,101327,22.5,7.40,120,3,LANDED,670.9,16.100,CXON
1000C,87.499,303,1,F,0.4,101321,22.5,7.40,120,3,LANDED,670.9,16.100,CXON
1000C,87.499,304,1,F,0.4,101329,22.5,7.40,120,3,LANDED,670.9,16.100,CXON
1000C,87.499,305,1,F,0.4,101323,22.5,7.40,120,3,LANDED,670.9,16.100,CXON
1000C,87.499,306,1,F,0.4,101330,22.5,7.40,120,3,LANDED,670.9,16.100,CXON
1000C,87.499,307,1,F,0.4,101325,22.5,7.40,120,3,LANDED,670.9,16.100,CXON
1000C,87.499,308,1,F,0.4,101320,22.5,7.40,120,3,LANDED,670.9,16.100,CXON
1000C,87.499,309,1,F,0.4,101327,22.5,7.40,120,3,LANDED,670.9,16.100,CXON
1000C,87.499,310,1,F,0.4,101321,22.5,7.40,120,3,LANDED,670.9,16.100,CXON
1000C,87.499,311,1,F,0.4,101329,22.5,7.40,120,3,LANDED,670.9,16.100,CXON
1000C,87.499,312,1,F,0.4,101323,22.5,7.40,120,3,LANDED,670.9,16.100,CXON
1000C,87.499,313,1,F,0.4,101330,22.5,7.40,120,3,LANDED,670.9,16.100,CXON
1000C,87.499,314,1,F,0.4,101325,22.5,7.40,120,3,LANDED,670.9,16.100,CXON
1000C,87.499,315,1,F,0.4,101320,22.5,7.40,120,3,LANDED,670.9,16.100,CXON
1000C,87.499,316,1,F,0.4,101327,22.5,7.40,120,3,LANDED,670.9,16.100,CXON
1000C,87.499,317,1,F,0.4,101321,22.5,7.40,120,3,LANDED,670.9,16.100,CXON
1000C,87.499,318,1,F,0.4,101329,22.5,7.40,120,3,LANDED,670.9,16.100,CXON
1000C,87.499,319,1,F,0.4,101323,22.5,7.40,120,3,LANDED,670.9,16.100,CXON
1000C,87.499,320,1,F,0.4,101330,22.5,7.40,120,3,LANDED,670.9,16.100,CXON
1000C,87.499,321,1,F,0.4,101325,22.5,7.40,120,3,LANDED,670.9,16.100,CXON
1000C,87.499,322,1,F,0.4,101320,22.5,7.40,120,3,LANDED,670.9,16.100,CXON
1000C,87.499,323,1,F,0.4,101327,22.5,7.40,120,3,LANDED,670.9,16.100,CXON
1000C,87.499,324,1,F,0.4,101321,22.5,7.40,120,3,LANDED,670.9,16.100,CXON
1000C,87.499,325,1,F,0.4,101329,22.5,7.40,120,3,LANDED,670.9,16.100,CXON
1000C,87.499,326,1,F,0.4,101323,22.5,7.40,120,3,LANDED,670.9,16.100,CXON
1000C,87.499,327,1,F,0.4,101330,22.5,7.40,120,3,LANDED,670.9,16.100,CXON
1000C,87.499,328,1,F,0.4,101325,22.5,7.40,120,3,LANDED,670.9,16.100,CXON
1000C,87.499,329,1,F,0.4,101320,22.5,7.40,120,3,LANDED,670.9,16.100,CXON
1000C,87.499,330,1,F,0.4,101327,22.5,7.40,120,3,LANDED,670.9,16.100,CXON
1000C,87.499,331,1,F,0.4,101321,22.5,7.40,120,3,LANDED,670.9,16.100,CXON
1000C,87.499,332,1,F,0.4,101329,22.5,7.40,120,3,LANDED,670.9,16.100,CXON
1000C,87.499,333,1,F,0.4,101323,22.5,7.40,120,3,LANDED,670.9,16.100,CXON
